{"stats":{"minecraft:used":{"minecraft:redstone_torch":1,"wom:ender_blaster":70,"wom:agony":331,"minecraft:lever":7,"create:gearbox":16,"minecraft:birch_planks":99,"vs_clockwork:wing":20,"minecraft:redstone":2,"minecraft:oak_planks":124,"vs_eureka:white_balloon":33,"minecraft:ender_pearl":1,"vs_eureka:oak_ship_helm":3,"create:creative_motor":18,"vs_clockwork:wanderwand":13,"minecraft:reinforced_deepslate":2,"wom:antitheus":24,"vs_clockwork:command_seat":10,"create:shaft":63,"create:white_sail":154,"minecraft:cracked_deepslate_tiles":152,"vs_clockwork:gyro":12,"create:clutch":6,"create:vertical_gearbox":28,"vs_clockwork:propeller_bearing":24,"vs_clockwork:flap":3,"vs_clockwork:flap_bearing":3,"vs_clockwork:phys_bearing":1,"vs_clockwork:physics_infuser":7},"minecraft:dropped":{"wom:ender_blaster":1,"minecraft:rotten_flesh":2},"minecraft:custom":{"minecraft:time_since_rest":73399,"minecraft:sprint_one_cm":199541,"minecraft:damage_taken":1905,"minecraft:walk_one_cm":435279,"minecraft:mob_kills":115,"minecraft:drop":3,"minecraft:damage_dealt":17674,"minecraft:swim_one_cm":832,"minecraft:fly_one_cm":535090,"minecraft:open_chest":1,"minecraft:crouch_one_cm":4115,"minecraft:play_time":150655,"minecraft:deaths":7,"minecraft:sneak_time":1987,"minecraft:walk_under_water_one_cm":43757,"minecraft:jump":826,"minecraft:leave_game":5,"minecraft:time_since_death":73374,"minecraft:walk_on_water_one_cm":19313,"minecraft:total_world_time":150655,"minecraft:fall_one_cm":12918},"minecraft:picked_up":{"wom:agony":1,"minecraft:stick":4,"vs_clockwork:wanderwand":6,"minecraft:azure_bluet":3,"minecraft:chicken":2,"minecraft:leather":6,"minecraft:dandelion":7,"minecraft:potion":2,"epicfight:skillbook":1,"wom:ender_blaster":1,"minecraft:porkchop":4,"minecraft:gunpowder":12,"minecraft:spider_eye":7,"minecraft:dirt":22,"minecraft:string":12,"minecraft:bone":20,"minecraft:arrow":28,"minecraft:rotten_flesh":37,"minecraft:lever":2,"minecraft:rabbit_hide":3,"minecraft:beef":5,"minecraft:gray_wool":2,"minecraft:rabbit":4,"minecraft:mutton":16,"minecraft:white_wool":10,"minecraft:egg":2,"minecraft:ender_pearl":3},"minecraft:mined":{"minecraft:grass":6},"minecraft:killed":{"minecraft:sheep":11,"minecraft:skeleton":24,"minecraft:donkey":2,"minecraft:zombie":25,"minecraft:pig":2,"minecraft:witch":1,"minecraft:chicken":2,"minecraft:rabbit":6,"minecraft:spider":10,"minecraft:creeper":15,"minecraft:enderman":1,"minecraft:cow":4},"minecraft:killed_by":{"minecraft:skeleton":1,"minecraft:creeper":3,"minecraft:spider":1}},"DataVersion":3465}