{"stats":{"minecraft:picked_up":{"vs_clockwork:wanderwand":6,"minecraft:azure_bluet":3,"minecraft:chicken":2,"minecraft:leather":6,"vs_clockwork:flap":2,"minecraft:potion":2,"wom:ender_blaster":1,"minecraft:gunpowder":12,"minecraft:dirt":24,"minecraft:string":12,"vs_clockwork:flap_bearing":1,"create:redstone_link":17,"minecraft:bone":20,"minecraft:rabbit_hide":3,"minecraft:beef":5,"create:shaft":2,"minecraft:rabbit":4,"minecraft:oak_planks":1,"create:clutch":1,"vs_clockwork:wing":1,"minecraft:egg":2,"wom:agony":1,"minecraft:stick":4,"vs_eureka:oak_ship_helm":1,"minecraft:dandelion":11,"vs_clockwork:propeller_bearing":2,"epicfight:skillbook":1,"minecraft:porkchop":4,"minecraft:redstone":3,"minecraft:spider_eye":7,"create:vertical_gearbox":1,"minecraft:arrow":29,"minecraft:rotten_flesh":37,"minecraft:lever":3,"minecraft:grass":2,"minecraft:gray_wool":2,"minecraft:mutton":16,"create:white_sail":1,"minecraft:white_wool":10,"minecraft:ender_pearl":3},"minecraft:killed":{"minecraft:pig":2,"minecraft:witch":1,"minecraft:spider":10,"minecraft:rabbit":6,"minecraft:creeper":15,"minecraft:sheep":11,"minecraft:skeleton":25,"minecraft:donkey":2,"minecraft:zombie":25,"minecraft:chicken":2,"minecraft:enderman":1,"minecraft:cow":4},"minecraft:killed_by":{"minecraft:skeleton":1,"minecraft:creeper":3,"minecraft:spider":1},"minecraft:used":{"minecraft:birch_planks":99,"vs_clockwork:wing":133,"minecraft:redstone":13,"minecraft:oak_planks":132,"vs_clockwork:alt_meter":1,"minecraft:oak_sign":6,"vs_eureka:white_balloon":58,"minecraft:ender_pearl":1,"create:small_deepslate_bricks":454,"minecraft:spruce_leaves":1,"minecraft:dirt":1,"vs_clockwork:command_seat":10,"create:white_sail":185,"create:cogwheel":3,"minecraft:cracked_deepslate_tiles":152,"create:metal_girder":4,"minecraft:spruce_log":75,"vs_clockwork:flap_bearing":26,"vs_clockwork:physics_infuser":8,"minecraft:redstone_torch":1,"wom:agony":331,"wom:ender_blaster":70,"minecraft:lever":17,"create:wrench":45,"create:gearbox":20,"minecraft:grass_block":5,"create:copycat_step":6,"vs_eureka:oak_ship_helm":7,"create:creative_motor":39,"vs_clockwork:wanderwand":17,"minecraft:repeater":2,"minecraft:reinforced_deepslate":2,"create:linked_controller":3,"wom:antitheus":24,"create:shaft":80,"minecraft:stripped_oak_wood":135,"create:industrial_iron_block":5377,"create:vertical_gearbox":53,"vs_clockwork:gyro":13,"create:clutch":12,"vs_clockwork:propeller_bearing":54,"minecraft:stripped_oak_log":38,"minecraft:observer":4,"create:redstone_link":42,"vs_clockwork:phys_bearing":33,"vs_clockwork:flap":97},"minecraft:mined":{"minecraft:grass_block":2,"minecraft:grass":8},"minecraft:custom":{"minecraft:mob_kills":116,"minecraft:leave_game":17,"minecraft:time_since_death":100451,"minecraft:time_since_rest":100480,"minecraft:sprint_one_cm":206468,"minecraft:damage_taken":2275,"minecraft:walk_one_cm":853630,"minecraft:drop":52,"minecraft:damage_dealt":17727,"minecraft:swim_one_cm":832,"minecraft:fly_one_cm":1919209,"minecraft:open_chest":1,"minecraft:crouch_one_cm":6328,"minecraft:play_time":410468,"minecraft:deaths":8,"minecraft:sneak_time":8965,"minecraft:walk_under_water_one_cm":57328,"minecraft:jump":1128,"minecraft:walk_on_water_one_cm":19823,"minecraft:total_world_time":410468,"minecraft:fall_one_cm":17106},"minecraft:dropped":{"create:vertical_gearbox":4,"minecraft:lever":1,"create:shaft":5,"vs_clockwork:flap":1,"vs_eureka:oak_ship_helm":2,"wom:ender_blaster":1,"minecraft:rotten_flesh":2,"minecraft:oak_planks":1,"minecraft:stripped_oak_log":2,"create:white_sail":3,"vs_clockwork:flap_bearing":1,"minecraft:grass_block":2,"vs_clockwork:wing":1,"minecraft:grass":9,"create:gearbox":1,"minecraft:spruce_log":1,"vs_clockwork:phys_bearing":1,"minecraft:stripped_oak_wood":3,"vs_clockwork:propeller_bearing":3,"create:clutch":1,"minecraft:dandelion":7}},"DataVersion":3465}