{"stats":{"minecraft:picked_up":{"minecraft:bone":7,"minecraft:arrow":4,"minecraft:rotten_flesh":4,"minecraft:leather":6,"minecraft:dandelion":1,"minecraft:rabbit_hide":3,"minecraft:beef":5,"minecraft:porkchop":4,"minecraft:gray_wool":2,"minecraft:rabbit":4,"minecraft:mutton":14,"minecraft:white_wool":9,"minecraft:ender_pearl":1},"minecraft:killed":{"minecraft:sheep":9,"minecraft:skeleton":6,"minecraft:rabbit":5,"minecraft:donkey":2,"minecraft:zombie":3,"minecraft:pig":2,"minecraft:creeper":2,"minecraft:enderman":1,"minecraft:cow":4},"minecraft:killed_by":{"minecraft:skeleton":1},"minecraft:used":{"wom:agony":118},"minecraft:custom":{"minecraft:time_since_rest":1710,"minecraft:deaths":1,"minecraft:crouch_one_cm":737,"minecraft:play_time":17441,"minecraft:sprint_one_cm":69006,"minecraft:damage_taken":500,"minecraft:walk_one_cm":56529,"minecraft:sneak_time":175,"minecraft:walk_under_water_one_cm":615,"minecraft:mob_kills":37,"minecraft:jump":280,"minecraft:damage_dealt":4791,"minecraft:leave_game":1,"minecraft:walk_on_water_one_cm":2466,"minecraft:time_since_death":1676,"minecraft:total_world_time":17441,"minecraft:swim_one_cm":495,"minecraft:fall_one_cm":4301,"minecraft:fly_one_cm":136319}},"DataVersion":3465}