{"stats":{"minecraft:custom":{"minecraft:mob_kills":393,"minecraft:leave_game":27,"minecraft:time_since_death":551130,"minecraft:time_since_rest":551159,"minecraft:sprint_one_cm":325803,"minecraft:damage_taken":2275,"minecraft:walk_one_cm":1326493,"minecraft:drop":83,"minecraft:use_wand":52478,"minecraft:damage_dealt":67678,"minecraft:swim_one_cm":832,"minecraft:fly_one_cm":5659271,"minecraft:open_chest":1,"minecraft:crouch_one_cm":11013,"minecraft:play_time":861147,"minecraft:deaths":8,"minecraft:sneak_time":26204,"minecraft:walk_under_water_one_cm":57328,"minecraft:jump":1911,"minecraft:walk_on_water_one_cm":19823,"minecraft:total_world_time":861147,"minecraft:fall_one_cm":17106},"minecraft:picked_up":{"vs_clockwork:wanderwand":6,"epicfight:stone_spear":1,"minecraft:azure_bluet":3,"minecraft:chicken":2,"minecraft:leather":6,"minecraft:lead":2,"constructionwand:infinity_wand":1,"minecraft:potato":1,"wom:ender_blaster":1,"vs_clockwork:flap":2,"minecraft:potion":2,"minecraft:gunpowder":67,"minecraft:string":19,"minecraft:dirt":24,"minecraft:lantern":2,"wom:antitheus":2,"vs_clockwork:flap_bearing":1,"create:redstone_link":17,"minecraft:bone":108,"minecraft:oak_sign":1,"minecraft:bow":4,"minecraft:wheat_seeds":1,"minecraft:rabbit_hide":3,"minecraft:beef":5,"create:shaft":2,"minecraft:rabbit":4,"minecraft:oak_planks":1,"create:clutch":1,"vs_clockwork:wing":1,"minecraft:egg":2,"wom:agony":1,"minecraft:stick":4,"vs_eureka:oak_ship_helm":1,"minecraft:dandelion":11,"vs_clockwork:propeller_bearing":2,"epicfight:skillbook":8,"minecraft:porkchop":4,"minecraft:redstone":3,"minecraft:spider_eye":14,"create:vertical_gearbox":1,"minecraft:stone_sword":1,"minecraft:arrow":117,"minecraft:rotten_flesh":79,"minecraft:stone_axe":1,"minecraft:lever":3,"minecraft:grass":2,"minecraft:gray_wool":2,"minecraft:mutton":16,"create:white_sail":1,"minecraft:white_wool":11,"minecraft:ender_pearl":7},"minecraft:killed":{"minecraft:pig":2,"minecraft:witch":2,"duneons:mobspawner":2,"minecraft:spider":28,"minecraft:rabbit":6,"duneons:wraith":1,"minecraft:creeper":84,"minecraft:sheep":13,"minecraft:skeleton":133,"minecraft:donkey":2,"minecraft:zombie":73,"minecraft:chicken":2,"minecraft:cow":4,"minecraft:enderman":4,"duneons:geomancer":2,"duneons:vangruardskeleton":1},"minecraft:dropped":{"duneons:doubleaxe":1,"create:vertical_gearbox":4,"wom:agony":1,"minecraft:lever":1,"create:shaft":5,"vs_clockwork:flap":1,"minecraft:cooked_porkchop":64,"vs_eureka:oak_ship_helm":2,"wom:ender_blaster":3,"minecraft:rotten_flesh":2,"minecraft:oak_planks":1,"minecraft:stripped_oak_log":2,"create:white_sail":3,"vs_clockwork:flap_bearing":1,"minecraft:grass_block":2,"vs_clockwork:wing":1,"minecraft:dirt":1,"minecraft:grass":9,"minecraft:gunpowder":20,"constructionwand:infinity_wand":1,"create:gearbox":1,"wom:antitheus":4,"minecraft:spruce_log":1,"vs_clockwork:phys_bearing":1,"minecraft:stripped_oak_wood":3,"vs_clockwork:propeller_bearing":3,"minecraft:dandelion":7,"create:clutch":1},"minecraft:used":{"create:small_tuff_bricks":348,"minecraft:birch_planks":99,"vs_clockwork:wing":181,"minecraft:redstone":14,"minecraft:oak_planks":132,"create:layered_deepslate":165,"minecraft:oak_sign":6,"vs_clockwork:alt_meter":1,"vs_eureka:white_balloon":58,"minecraft:ender_pearl":1,"wom:ruine":95,"create:fluid_tank":509,"duneons:darkfortressblackstonetiles":32416,"create:small_deepslate_bricks":2977,"minecraft:spruce_leaves":1,"minecraft:dirt":67,"vs_clockwork:command_seat":10,"create:white_sail":185,"create:cogwheel":3,"create:redstone_contact":4,"minecraft:cracked_deepslate_tiles":19497,"create:metal_girder":7,"minecraft:spruce_log":75,"create:deepslate_pillar":2194,"create:small_scorchia_bricks":4985,"wom:ender_blaster":72,"vs_clockwork:flap_bearing":26,"vs_clockwork:physics_infuser":8,"minecraft:redstone_torch":1,"wom:agony":1115,"minecraft:lever":17,"create:gearbox":20,"create:wrench":45,"minecraft:lantern":17,"minecraft:grass_block":5,"constructionwand:infinity_wand":1673,"create:copycat_step":6,"create:polished_cut_scorchia":3,"vs_eureka:oak_ship_helm":8,"create:creative_motor":50,"create:linked_controller":3,"vs_clockwork:wanderwand":17,"minecraft:repeater":2,"create:encased_chain_drive":21,"minecraft:reinforced_deepslate":2,"minecraft:redstone_lamp":1,"wom:antitheus":233,"create:shaft":184,"create:steam_engine":100,"minecraft:stripped_oak_wood":135,"create:industrial_iron_block":6314,"create:vertical_gearbox":54,"minecraft:stripped_oak_log":38,"vs_clockwork:flap":97,"vs_clockwork:gyro":13,"create:clutch":12,"vs_clockwork:propeller_bearing":54,"minecraft:observer":4,"vs_clockwork:phys_bearing":36,"create:redstone_link":42},"minecraft:killed_by":{"minecraft:skeleton":1,"minecraft:creeper":3,"minecraft:spider":1},"minecraft:mined":{"minecraft:grass_block":2,"minecraft:grass":8}},"DataVersion":3465}