{"stats":{"minecraft:killed":{"minecraft:sheep":10,"minecraft:skeleton":17,"minecraft:donkey":2,"minecraft:zombie":10,"minecraft:pig":2,"minecraft:witch":1,"minecraft:rabbit":5,"minecraft:spider":5,"minecraft:creeper":11,"minecraft:enderman":1,"minecraft:cow":4},"minecraft:picked_up":{"wom:agony":1,"minecraft:stick":4,"vs_clockwork:wanderwand":2,"minecraft:leather":6,"minecraft:dandelion":1,"minecraft:potion":2,"minecraft:porkchop":4,"minecraft:gunpowder":8,"minecraft:spider_eye":6,"minecraft:string":10,"minecraft:bone":17,"minecraft:arrow":22,"minecraft:rotten_flesh":17,"minecraft:rabbit_hide":3,"minecraft:beef":5,"minecraft:gray_wool":2,"minecraft:rabbit":4,"minecraft:egg":1,"minecraft:mutton":16,"minecraft:white_wool":10,"minecraft:ender_pearl":1},"minecraft:killed_by":{"minecraft:skeleton":1,"minecraft:creeper":2,"minecraft:spider":1},"minecraft:custom":{"minecraft:time_since_rest":5129,"minecraft:sprint_one_cm":141462,"minecraft:damage_taken":1320,"minecraft:walk_one_cm":253767,"minecraft:mob_kills":73,"minecraft:damage_dealt":11382,"minecraft:swim_one_cm":495,"minecraft:fly_one_cm":332592,"minecraft:open_chest":1,"minecraft:crouch_one_cm":1863,"minecraft:play_time":69092,"minecraft:deaths":5,"minecraft:sneak_time":904,"minecraft:walk_under_water_one_cm":6402,"minecraft:jump":528,"minecraft:leave_game":4,"minecraft:time_since_death":5100,"minecraft:walk_on_water_one_cm":2890,"minecraft:total_world_time":69092,"minecraft:fall_one_cm":11143},"minecraft:used":{"minecraft:redstone_torch":1,"wom:agony":267,"create:gearbox":2,"minecraft:redstone":2,"vs_clockwork:wing":4,"create:creative_motor":11,"vs_clockwork:wanderwand":4,"minecraft:reinforced_deepslate":2,"create:shaft":37,"create:white_sail":103,"minecraft:cracked_deepslate_tiles":152,"vs_clockwork:gyro":3,"create:vertical_gearbox":13,"vs_clockwork:propeller_bearing":13,"vs_clockwork:phys_bearing":1,"vs_clockwork:physics_infuser":2}},"DataVersion":3465}