{"stats":{"minecraft:mined":{"minecraft:grass":6},"minecraft:killed":{"minecraft:pig":2,"minecraft:witch":1,"minecraft:rabbit":6,"minecraft:spider":10,"minecraft:creeper":15,"minecraft:sheep":11,"minecraft:skeleton":24,"minecraft:donkey":2,"minecraft:zombie":25,"minecraft:chicken":2,"minecraft:enderman":1,"minecraft:cow":4},"minecraft:custom":{"minecraft:mob_kills":115,"minecraft:leave_game":6,"minecraft:time_since_death":145588,"minecraft:time_since_rest":145613,"minecraft:sprint_one_cm":199541,"minecraft:damage_taken":1905,"minecraft:walk_one_cm":462597,"minecraft:drop":29,"minecraft:damage_dealt":17674,"minecraft:swim_one_cm":832,"minecraft:fly_one_cm":572952,"minecraft:open_chest":1,"minecraft:crouch_one_cm":4873,"minecraft:play_time":222869,"minecraft:deaths":7,"minecraft:sneak_time":3180,"minecraft:walk_under_water_one_cm":43757,"minecraft:jump":940,"minecraft:walk_on_water_one_cm":19313,"minecraft:total_world_time":222869,"minecraft:fall_one_cm":12918},"minecraft:picked_up":{"vs_clockwork:wanderwand":6,"minecraft:azure_bluet":3,"minecraft:chicken":2,"minecraft:leather":6,"wom:ender_blaster":1,"minecraft:potion":2,"minecraft:gunpowder":12,"minecraft:dirt":22,"minecraft:string":12,"vs_clockwork:flap_bearing":1,"minecraft:bone":20,"create:redstone_link":6,"minecraft:rabbit_hide":3,"minecraft:beef":5,"create:shaft":1,"minecraft:rabbit":4,"create:clutch":1,"minecraft:egg":2,"wom:agony":1,"minecraft:stick":4,"minecraft:dandelion":11,"epicfight:skillbook":1,"minecraft:porkchop":4,"minecraft:spider_eye":7,"create:vertical_gearbox":1,"minecraft:arrow":28,"minecraft:rotten_flesh":37,"minecraft:lever":2,"minecraft:grass":1,"minecraft:gray_wool":2,"minecraft:white_wool":10,"minecraft:mutton":16,"create:white_sail":1,"minecraft:ender_pearl":3},"minecraft:dropped":{"create:vertical_gearbox":2,"create:shaft":3,"wom:ender_blaster":1,"minecraft:rotten_flesh":2,"minecraft:stripped_oak_log":2,"create:white_sail":2,"minecraft:grass_block":2,"minecraft:grass":4,"create:gearbox":1,"vs_clockwork:phys_bearing":1,"vs_clockwork:propeller_bearing":1,"create:clutch":1,"minecraft:dandelion":7},"minecraft:used":{"minecraft:birch_planks":99,"minecraft:redstone":3,"vs_clockwork:wing":71,"minecraft:oak_planks":131,"vs_eureka:white_balloon":33,"minecraft:ender_pearl":1,"vs_clockwork:command_seat":10,"create:white_sail":154,"minecraft:cracked_deepslate_tiles":152,"vs_clockwork:flap_bearing":16,"vs_clockwork:physics_infuser":7,"minecraft:redstone_torch":1,"wom:agony":331,"wom:ender_blaster":70,"minecraft:lever":10,"create:wrench":25,"create:gearbox":20,"minecraft:grass_block":5,"vs_eureka:oak_ship_helm":3,"create:creative_motor":30,"vs_clockwork:wanderwand":13,"minecraft:reinforced_deepslate":2,"create:linked_controller":3,"wom:antitheus":24,"create:shaft":74,"minecraft:stripped_oak_wood":23,"vs_clockwork:gyro":12,"create:clutch":8,"minecraft:stripped_oak_log":2,"create:vertical_gearbox":45,"vs_clockwork:propeller_bearing":31,"create:redstone_link":22,"vs_clockwork:flap":43,"vs_clockwork:phys_bearing":29},"minecraft:killed_by":{"minecraft:skeleton":1,"minecraft:creeper":3,"minecraft:spider":1}},"DataVersion":3465}