{"stats":{"minecraft:used":{"minecraft:birch_planks":99,"minecraft:redstone":3,"vs_clockwork:wing":60,"minecraft:oak_planks":128,"vs_eureka:white_balloon":33,"minecraft:ender_pearl":1,"vs_clockwork:command_seat":10,"create:white_sail":154,"minecraft:cracked_deepslate_tiles":152,"vs_clockwork:physics_infuser":7,"vs_clockwork:flap_bearing":5,"minecraft:redstone_torch":1,"wom:agony":331,"wom:ender_blaster":70,"minecraft:lever":8,"create:wrench":13,"create:gearbox":18,"vs_eureka:oak_ship_helm":3,"create:creative_motor":23,"vs_clockwork:wanderwand":13,"minecraft:reinforced_deepslate":2,"create:linked_controller":2,"wom:antitheus":24,"create:shaft":63,"vs_clockwork:gyro":12,"create:clutch":6,"vs_clockwork:propeller_bearing":25,"create:vertical_gearbox":30,"create:redstone_link":9,"vs_clockwork:flap":9,"vs_clockwork:phys_bearing":6},"minecraft:custom":{"minecraft:mob_kills":115,"minecraft:leave_game":5,"minecraft:time_since_death":97374,"minecraft:time_since_rest":97399,"minecraft:sprint_one_cm":199541,"minecraft:damage_taken":1905,"minecraft:walk_one_cm":439433,"minecraft:drop":8,"minecraft:damage_dealt":17674,"minecraft:swim_one_cm":832,"minecraft:fly_one_cm":549549,"minecraft:open_chest":1,"minecraft:crouch_one_cm":4297,"minecraft:play_time":174655,"minecraft:deaths":7,"minecraft:sneak_time":2270,"minecraft:walk_under_water_one_cm":43757,"minecraft:jump":852,"minecraft:walk_on_water_one_cm":19313,"minecraft:total_world_time":174655,"minecraft:fall_one_cm":12918},"minecraft:dropped":{"create:vertical_gearbox":1,"wom:ender_blaster":1,"minecraft:rotten_flesh":2,"minecraft:grass":2,"create:gearbox":1,"minecraft:dandelion":1},"minecraft:picked_up":{"vs_clockwork:wanderwand":6,"minecraft:azure_bluet":3,"minecraft:chicken":2,"minecraft:leather":6,"wom:ender_blaster":1,"minecraft:potion":2,"minecraft:gunpowder":12,"minecraft:string":12,"minecraft:dirt":22,"create:redstone_link":2,"minecraft:bone":20,"minecraft:rabbit_hide":3,"minecraft:beef":5,"minecraft:rabbit":4,"minecraft:egg":2,"wom:agony":1,"minecraft:stick":4,"minecraft:dandelion":7,"epicfight:skillbook":1,"minecraft:porkchop":4,"minecraft:spider_eye":7,"minecraft:arrow":28,"minecraft:rotten_flesh":37,"minecraft:lever":2,"minecraft:gray_wool":2,"minecraft:mutton":16,"minecraft:white_wool":10,"minecraft:ender_pearl":3},"minecraft:mined":{"minecraft:grass":6},"minecraft:killed":{"minecraft:pig":2,"minecraft:witch":1,"minecraft:rabbit":6,"minecraft:spider":10,"minecraft:creeper":15,"minecraft:sheep":11,"minecraft:skeleton":24,"minecraft:donkey":2,"minecraft:zombie":25,"minecraft:chicken":2,"minecraft:enderman":1,"minecraft:cow":4},"minecraft:killed_by":{"minecraft:skeleton":1,"minecraft:creeper":3,"minecraft:spider":1}},"DataVersion":3465}