{"stats":{"minecraft:dropped":{"wom:ender_blaster":1},"minecraft:killed":{"minecraft:sheep":11,"minecraft:skeleton":24,"minecraft:donkey":2,"minecraft:zombie":25,"minecraft:pig":2,"minecraft:witch":1,"minecraft:chicken":2,"minecraft:rabbit":6,"minecraft:spider":10,"minecraft:creeper":15,"minecraft:enderman":1,"minecraft:cow":4},"minecraft:picked_up":{"wom:agony":1,"minecraft:stick":4,"vs_clockwork:wanderwand":3,"minecraft:azure_bluet":3,"minecraft:chicken":2,"minecraft:leather":6,"wom:ender_blaster":1,"minecraft:dandelion":7,"epicfight:skillbook":1,"minecraft:potion":2,"minecraft:porkchop":4,"minecraft:gunpowder":12,"minecraft:dirt":22,"minecraft:spider_eye":7,"minecraft:string":12,"minecraft:bone":20,"minecraft:arrow":28,"minecraft:rotten_flesh":35,"minecraft:lever":1,"minecraft:rabbit_hide":3,"minecraft:beef":5,"minecraft:gray_wool":2,"minecraft:rabbit":4,"minecraft:egg":2,"minecraft:mutton":16,"minecraft:white_wool":10,"minecraft:ender_pearl":3},"minecraft:mined":{"minecraft:grass":6},"minecraft:killed_by":{"minecraft:skeleton":1,"minecraft:creeper":3,"minecraft:spider":1},"minecraft:custom":{"minecraft:time_since_rest":15836,"minecraft:sprint_one_cm":190601,"minecraft:damage_taken":1905,"minecraft:walk_one_cm":364985,"minecraft:mob_kills":115,"minecraft:drop":1,"minecraft:damage_dealt":17674,"minecraft:swim_one_cm":832,"minecraft:fly_one_cm":377874,"minecraft:open_chest":1,"minecraft:crouch_one_cm":2794,"minecraft:play_time":93092,"minecraft:deaths":7,"minecraft:sneak_time":1067,"minecraft:walk_under_water_one_cm":6571,"minecraft:jump":662,"minecraft:leave_game":4,"minecraft:time_since_death":15811,"minecraft:walk_on_water_one_cm":3090,"minecraft:total_world_time":93092,"minecraft:fall_one_cm":12918},"minecraft:used":{"minecraft:redstone_torch":1,"minecraft:lever":1,"wom:agony":331,"wom:ender_blaster":70,"minecraft:birch_planks":70,"create:gearbox":2,"minecraft:redstone":2,"vs_clockwork:wing":4,"minecraft:ender_pearl":1,"create:creative_motor":12,"vs_clockwork:wanderwand":8,"minecraft:reinforced_deepslate":2,"wom:antitheus":24,"create:shaft":37,"create:white_sail":112,"minecraft:cracked_deepslate_tiles":152,"vs_clockwork:gyro":3,"create:clutch":1,"create:vertical_gearbox":13,"vs_clockwork:propeller_bearing":15,"vs_clockwork:phys_bearing":1,"vs_clockwork:physics_infuser":5}},"DataVersion":3465}