{"stats":{"minecraft:mined":{"minecraft:sand":1},"minecraft:picked_up":{"minecraft:sand":1},"minecraft:custom":{"minecraft:jump":32,"minecraft:time_since_rest":1911,"minecraft:crouch_one_cm":19,"minecraft:leave_game":1,"minecraft:sprint_one_cm":6481,"minecraft:play_time":1911,"minecraft:time_since_death":1911,"minecraft:walk_one_cm":538,"minecraft:sneak_time":4,"minecraft:total_world_time":1911,"minecraft:fall_one_cm":627,"minecraft:fly_one_cm":6263},"minecraft:used":{"minecraft:sand":1}},"DataVersion":3465}