{"stats":{"minecraft:mined":{"minecraft:grass":6},"minecraft:killed":{"minecraft:pig":2,"minecraft:witch":1,"minecraft:rabbit":6,"minecraft:spider":10,"minecraft:creeper":15,"minecraft:sheep":11,"minecraft:skeleton":25,"minecraft:donkey":2,"minecraft:zombie":25,"minecraft:chicken":2,"minecraft:enderman":1,"minecraft:cow":4},"minecraft:custom":{"minecraft:mob_kills":116,"minecraft:leave_game":7,"minecraft:time_since_death":198884,"minecraft:time_since_rest":198909,"minecraft:sprint_one_cm":202159,"minecraft:damage_taken":1905,"minecraft:walk_one_cm":486908,"minecraft:drop":48,"minecraft:damage_dealt":17727,"minecraft:swim_one_cm":832,"minecraft:fly_one_cm":621084,"minecraft:open_chest":1,"minecraft:crouch_one_cm":5572,"minecraft:play_time":276165,"minecraft:deaths":7,"minecraft:sneak_time":4049,"minecraft:walk_under_water_one_cm":43757,"minecraft:jump":1014,"minecraft:walk_on_water_one_cm":19313,"minecraft:total_world_time":276165,"minecraft:fall_one_cm":12918},"minecraft:picked_up":{"vs_clockwork:wanderwand":6,"minecraft:azure_bluet":3,"minecraft:chicken":2,"minecraft:leather":6,"vs_clockwork:flap":1,"wom:ender_blaster":1,"minecraft:potion":2,"minecraft:gunpowder":12,"minecraft:dirt":22,"minecraft:string":12,"vs_clockwork:flap_bearing":1,"minecraft:bone":20,"create:redstone_link":12,"minecraft:rabbit_hide":3,"minecraft:beef":5,"create:shaft":2,"minecraft:rabbit":4,"create:clutch":1,"vs_clockwork:wing":1,"minecraft:egg":2,"wom:agony":1,"minecraft:stick":4,"vs_eureka:oak_ship_helm":1,"vs_clockwork:propeller_bearing":2,"minecraft:dandelion":11,"epicfight:skillbook":1,"minecraft:porkchop":4,"minecraft:spider_eye":7,"create:vertical_gearbox":1,"minecraft:arrow":29,"minecraft:rotten_flesh":37,"minecraft:lever":2,"minecraft:grass":2,"minecraft:gray_wool":2,"minecraft:white_wool":10,"minecraft:mutton":16,"create:white_sail":1,"minecraft:ender_pearl":3},"minecraft:dropped":{"create:vertical_gearbox":3,"minecraft:lever":1,"create:shaft":4,"vs_clockwork:flap":1,"vs_eureka:oak_ship_helm":1,"wom:ender_blaster":1,"minecraft:rotten_flesh":2,"minecraft:oak_planks":1,"minecraft:stripped_oak_log":2,"create:white_sail":3,"vs_clockwork:flap_bearing":1,"minecraft:grass_block":2,"vs_clockwork:wing":1,"minecraft:grass":9,"create:gearbox":1,"vs_clockwork:phys_bearing":1,"minecraft:stripped_oak_wood":3,"vs_clockwork:propeller_bearing":3,"create:clutch":1,"minecraft:dandelion":7},"minecraft:used":{"minecraft:birch_planks":99,"minecraft:redstone":3,"vs_clockwork:wing":116,"minecraft:oak_planks":132,"vs_eureka:white_balloon":58,"minecraft:ender_pearl":1,"vs_clockwork:command_seat":10,"create:white_sail":167,"create:cogwheel":3,"minecraft:cracked_deepslate_tiles":152,"vs_clockwork:flap_bearing":23,"vs_clockwork:physics_infuser":7,"minecraft:redstone_torch":1,"wom:agony":331,"wom:ender_blaster":70,"minecraft:lever":13,"create:wrench":39,"create:gearbox":20,"minecraft:grass_block":5,"vs_eureka:oak_ship_helm":4,"create:creative_motor":35,"vs_clockwork:wanderwand":13,"minecraft:reinforced_deepslate":2,"create:linked_controller":3,"wom:antitheus":24,"create:shaft":78,"minecraft:stripped_oak_wood":135,"vs_clockwork:gyro":12,"create:clutch":10,"minecraft:stripped_oak_log":2,"create:vertical_gearbox":50,"vs_clockwork:propeller_bearing":46,"create:redstone_link":36,"vs_clockwork:flap":97,"vs_clockwork:phys_bearing":33},"minecraft:killed_by":{"minecraft:skeleton":1,"minecraft:creeper":3,"minecraft:spider":1}},"DataVersion":3465}