{"stats":{"minecraft:custom":{"minecraft:mob_kills":273,"minecraft:leave_game":21,"minecraft:time_since_death":309753,"minecraft:time_since_rest":309782,"minecraft:sprint_one_cm":256125,"minecraft:damage_taken":2275,"minecraft:walk_one_cm":1044400,"minecraft:drop":71,"minecraft:damage_dealt":47836,"minecraft:swim_one_cm":832,"minecraft:fly_one_cm":3613768,"minecraft:open_chest":1,"minecraft:crouch_one_cm":7803,"minecraft:play_time":619770,"minecraft:deaths":8,"minecraft:sneak_time":13870,"minecraft:walk_under_water_one_cm":57328,"minecraft:jump":1501,"minecraft:walk_on_water_one_cm":19823,"minecraft:total_world_time":619770,"minecraft:fall_one_cm":17106},"minecraft:killed":{"minecraft:pig":2,"minecraft:witch":2,"duneons:mobspawner":1,"minecraft:spider":17,"minecraft:rabbit":6,"duneons:wraith":1,"minecraft:creeper":63,"minecraft:sheep":11,"minecraft:skeleton":87,"minecraft:donkey":2,"minecraft:zombie":51,"minecraft:chicken":2,"minecraft:cow":4,"minecraft:enderman":3,"duneons:vangruardskeleton":1},"minecraft:used":{"minecraft:birch_planks":99,"vs_clockwork:wing":181,"minecraft:redstone":13,"minecraft:oak_planks":132,"minecraft:oak_sign":6,"vs_clockwork:alt_meter":1,"vs_eureka:white_balloon":58,"minecraft:ender_pearl":1,"wom:ruine":20,"duneons:darkfortressblackstonetiles":147,"create:small_deepslate_bricks":2810,"minecraft:spruce_leaves":1,"minecraft:dirt":67,"vs_clockwork:command_seat":10,"create:white_sail":185,"create:cogwheel":3,"minecraft:cracked_deepslate_tiles":152,"create:metal_girder":7,"create:deepslate_pillar":1510,"minecraft:spruce_log":75,"create:small_scorchia_bricks":3608,"vs_clockwork:flap_bearing":26,"vs_clockwork:physics_infuser":8,"minecraft:redstone_torch":1,"wom:agony":848,"wom:ender_blaster":70,"minecraft:lever":17,"create:wrench":45,"create:gearbox":20,"minecraft:grass_block":5,"create:copycat_step":6,"create:polished_cut_scorchia":3,"vs_eureka:oak_ship_helm":8,"create:creative_motor":39,"vs_clockwork:wanderwand":17,"minecraft:repeater":2,"minecraft:reinforced_deepslate":2,"create:linked_controller":3,"wom:antitheus":144,"create:shaft":80,"minecraft:stripped_oak_wood":135,"create:industrial_iron_block":6175,"create:vertical_gearbox":53,"minecraft:stripped_oak_log":38,"vs_clockwork:gyro":13,"create:clutch":12,"vs_clockwork:flap":97,"vs_clockwork:propeller_bearing":54,"minecraft:observer":4,"create:redstone_link":42,"vs_clockwork:phys_bearing":35},"minecraft:picked_up":{"epicfight:stone_spear":1,"vs_clockwork:wanderwand":6,"minecraft:azure_bluet":3,"minecraft:chicken":2,"minecraft:leather":6,"minecraft:lead":2,"vs_clockwork:flap":2,"minecraft:potion":2,"wom:ender_blaster":1,"minecraft:gunpowder":52,"minecraft:dirt":24,"minecraft:string":13,"vs_clockwork:flap_bearing":1,"create:redstone_link":17,"minecraft:bone":73,"minecraft:oak_sign":1,"minecraft:bow":3,"minecraft:wheat_seeds":1,"minecraft:rabbit_hide":3,"minecraft:beef":5,"create:shaft":2,"minecraft:rabbit":4,"minecraft:oak_planks":1,"create:clutch":1,"vs_clockwork:wing":1,"minecraft:egg":2,"wom:agony":1,"minecraft:stick":4,"vs_eureka:oak_ship_helm":1,"minecraft:dandelion":11,"vs_clockwork:propeller_bearing":2,"epicfight:skillbook":7,"minecraft:porkchop":4,"minecraft:redstone":3,"minecraft:spider_eye":9,"create:vertical_gearbox":1,"minecraft:stone_sword":1,"minecraft:arrow":83,"minecraft:rotten_flesh":52,"minecraft:lever":3,"minecraft:grass":2,"minecraft:gray_wool":2,"minecraft:mutton":16,"create:white_sail":1,"minecraft:white_wool":10,"minecraft:ender_pearl":7},"minecraft:dropped":{"create:vertical_gearbox":4,"minecraft:lever":1,"create:shaft":5,"vs_clockwork:flap":1,"vs_eureka:oak_ship_helm":2,"wom:ender_blaster":1,"minecraft:rotten_flesh":2,"minecraft:oak_planks":1,"minecraft:stripped_oak_log":2,"create:white_sail":3,"vs_clockwork:flap_bearing":1,"minecraft:grass_block":2,"vs_clockwork:wing":1,"minecraft:grass":9,"minecraft:gunpowder":19,"create:gearbox":1,"minecraft:spruce_log":1,"vs_clockwork:phys_bearing":1,"minecraft:stripped_oak_wood":3,"vs_clockwork:propeller_bearing":3,"create:clutch":1,"minecraft:dandelion":7},"minecraft:killed_by":{"minecraft:skeleton":1,"minecraft:creeper":3,"minecraft:spider":1},"minecraft:mined":{"minecraft:grass_block":2,"minecraft:grass":8}},"DataVersion":3465}