{"stats":{"minecraft:picked_up":{"minecraft:bone":7,"minecraft:arrow":4,"minecraft:rotten_flesh":4,"minecraft:leather":5,"minecraft:dandelion":1,"minecraft:rabbit_hide":3,"minecraft:beef":5,"minecraft:porkchop":4,"minecraft:gray_wool":2,"minecraft:rabbit":4,"minecraft:mutton":14,"minecraft:white_wool":9,"minecraft:ender_pearl":1},"minecraft:used":{"wom:agony":114},"minecraft:killed":{"minecraft:sheep":9,"minecraft:skeleton":6,"minecraft:rabbit":5,"minecraft:zombie":3,"minecraft:donkey":2,"minecraft:pig":2,"minecraft:creeper":2,"minecraft:enderman":1,"minecraft:cow":4},"minecraft:custom":{"minecraft:time_since_rest":13928,"minecraft:crouch_one_cm":737,"minecraft:play_time":13928,"minecraft:sprint_one_cm":58236,"minecraft:walk_one_cm":48293,"minecraft:sneak_time":107,"minecraft:mob_kills":37,"minecraft:jump":233,"minecraft:damage_dealt":4609,"minecraft:leave_game":1,"minecraft:time_since_death":13928,"minecraft:total_world_time":13928,"minecraft:fly_one_cm":101752}},"DataVersion":3465}