{"stats":{"minecraft:picked_up":{"wom:agony":1,"minecraft:stick":4,"minecraft:leather":6,"minecraft:dandelion":1,"minecraft:potion":2,"minecraft:porkchop":4,"minecraft:gunpowder":2,"minecraft:spider_eye":6,"minecraft:string":8,"minecraft:arrow":10,"minecraft:bone":7,"minecraft:rotten_flesh":12,"minecraft:rabbit_hide":3,"minecraft:beef":5,"minecraft:gray_wool":2,"minecraft:rabbit":4,"minecraft:mutton":14,"minecraft:white_wool":9,"minecraft:ender_pearl":1},"minecraft:killed":{"minecraft:sheep":9,"minecraft:skeleton":9,"minecraft:donkey":2,"minecraft:zombie":6,"minecraft:pig":2,"minecraft:witch":1,"minecraft:rabbit":5,"minecraft:spider":4,"minecraft:creeper":6,"minecraft:enderman":1,"minecraft:cow":4},"minecraft:killed_by":{"minecraft:skeleton":1,"minecraft:creeper":1,"minecraft:spider":1},"minecraft:used":{"wom:agony":187},"minecraft:custom":{"minecraft:time_since_rest":693,"minecraft:sprint_one_cm":86574,"minecraft:damage_taken":845,"minecraft:walk_one_cm":84669,"minecraft:mob_kills":52,"minecraft:damage_dealt":7710,"minecraft:swim_one_cm":495,"minecraft:fly_one_cm":166637,"minecraft:crouch_one_cm":827,"minecraft:play_time":21971,"minecraft:deaths":3,"minecraft:sneak_time":184,"minecraft:walk_under_water_one_cm":615,"minecraft:jump":346,"minecraft:leave_game":2,"minecraft:time_since_death":665,"minecraft:walk_on_water_one_cm":2466,"minecraft:total_world_time":21971,"minecraft:fall_one_cm":9195}},"DataVersion":3465}