{"stats":{"minecraft:mined":{"minecraft:spruce_log":59,"minecraft:powder_snow":2,"minecraft:crafting_table":3,"minecraft:grass":3,"minecraft:grass_block":6,"minecraft:oak_log":25,"minecraft:dirt":4,"minecraft:tall_grass":1,"minecraft:spruce_leaves":27,"minecraft:oak_leaves":41,"minecraft:spruce_planks":4},"minecraft:crafted":{"minecraft:oak_planks":68,"minecraft:crafting_table":3,"minecraft:spruce_planks":148,"minecraft:stick":40,"minecraft:wooden_pickaxe":1,"minecraft:wooden_axe":2,"minecraft:spruce_door":3,"minecraft:bone_meal":18},"minecraft:custom":{"minecraft:time_since_rest":186,"minecraft:sprint_one_cm":66456,"minecraft:damage_taken":2090,"minecraft:walk_one_cm":119778,"minecraft:mob_kills":14,"minecraft:damage_dealt":2292,"minecraft:interact_with_crafting_table":5,"minecraft:fly_one_cm":139881,"minecraft:crouch_one_cm":13995,"minecraft:play_time":40067,"minecraft:deaths":5,"minecraft:sneak_time":5073,"minecraft:jump":628,"minecraft:leave_game":2,"minecraft:time_since_death":0,"minecraft:total_world_time":40067,"minecraft:fall_one_cm":30995},"minecraft:killed_by":{"minecraft:skeleton":1,"minecraft:creeper":1},"minecraft:used":{"wom:agony":2,"minecraft:oak_log":1,"wom:ender_blaster":10,"minecraft:wooden_axe":93,"minecraft:spruce_door":2,"minecraft:oak_planks":34,"minecraft:spruce_planks":99,"minecraft:spruce_sapling":2,"minecraft:rotten_flesh":4,"minecraft:dirt":35,"wom:antitheus":29,"minecraft:crafting_table":5,"minecraft:cooked_porkchop":3,"duneons:doubleaxe":13,"minecraft:bone_meal":7,"minecraft:spruce_log":22,"minecraft:snowball":32},"minecraft:picked_up":{"minecraft:wooden_axe":1,"minecraft:stick":33,"minecraft:crafting_table":4,"minecraft:feather":1,"minecraft:chicken":1,"minecraft:cooked_porkchop":64,"minecraft:wooden_pickaxe":1,"minecraft:dandelion":1,"wom:ender_blaster":1,"minecraft:oak_log":24,"minecraft:spruce_sapling":2,"minecraft:gunpowder":2,"minecraft:spruce_log":60,"minecraft:spider_eye":1,"minecraft:string":3,"minecraft:dirt":35,"wom:antitheus":2,"duneons:doubleaxe":1,"minecraft:arrow":2,"minecraft:bone":8,"minecraft:rotten_flesh":9,"minecraft:apple":2,"minecraft:wheat_seeds":1,"minecraft:spruce_planks":35,"minecraft:oak_sapling":3,"minecraft:mutton":6,"minecraft:oak_planks":44,"minecraft:snowball":64,"minecraft:white_wool":3,"wom:agony":1},"minecraft:killed":{"minecraft:skeleton":3,"minecraft:sheep":1,"minecraft:zombie":3,"minecraft:chicken":1,"minecraft:spider":2,"minecraft:creeper":1}},"DataVersion":3465}