{"stats":{"minecraft:mined":{"minecraft:spruce_log":36,"minecraft:powder_snow":2,"minecraft:crafting_table":3,"minecraft:grass":3,"minecraft:grass_block":6,"minecraft:oak_log":25,"minecraft:dirt":4,"minecraft:tall_grass":1,"minecraft:spruce_leaves":9,"minecraft:oak_leaves":41},"minecraft:crafted":{"minecraft:oak_planks":68,"minecraft:crafting_table":3,"minecraft:spruce_planks":36,"minecraft:stick":40,"minecraft:wooden_pickaxe":1,"minecraft:wooden_axe":2},"minecraft:custom":{"minecraft:time_since_rest":11219,"minecraft:sprint_one_cm":56108,"minecraft:damage_taken":1515,"minecraft:walk_one_cm":89699,"minecraft:mob_kills":11,"minecraft:damage_dealt":1875,"minecraft:interact_with_crafting_table":4,"minecraft:fly_one_cm":132640,"minecraft:crouch_one_cm":8440,"minecraft:play_time":27927,"minecraft:deaths":4,"minecraft:sneak_time":3342,"minecraft:jump":560,"minecraft:leave_game":1,"minecraft:time_since_death":11192,"minecraft:total_world_time":27927,"minecraft:fall_one_cm":25050},"minecraft:killed_by":{"minecraft:skeleton":1,"minecraft:creeper":1},"minecraft:used":{"wom:agony":2,"minecraft:oak_log":1,"wom:ender_blaster":7,"minecraft:wooden_axe":78,"minecraft:oak_planks":34,"minecraft:rotten_flesh":4,"minecraft:dirt":34,"wom:antitheus":22,"minecraft:crafting_table":4,"minecraft:cooked_porkchop":2,"minecraft:snowball":32},"minecraft:picked_up":{"minecraft:wooden_axe":1,"minecraft:stick":32,"minecraft:crafting_table":4,"minecraft:feather":1,"minecraft:chicken":1,"minecraft:cooked_porkchop":64,"minecraft:wooden_pickaxe":1,"minecraft:dandelion":1,"wom:ender_blaster":1,"minecraft:oak_log":24,"minecraft:spruce_sapling":1,"minecraft:gunpowder":2,"minecraft:spruce_log":36,"minecraft:string":2,"minecraft:dirt":34,"wom:antitheus":2,"duneons:doubleaxe":1,"minecraft:arrow":2,"minecraft:bone":8,"minecraft:rotten_flesh":9,"minecraft:apple":2,"minecraft:wheat_seeds":1,"minecraft:spruce_planks":28,"minecraft:oak_sapling":3,"minecraft:mutton":6,"minecraft:oak_planks":44,"minecraft:snowball":64,"minecraft:white_wool":3,"wom:agony":1},"minecraft:killed":{"minecraft:skeleton":3,"minecraft:sheep":1,"minecraft:zombie":2,"minecraft:chicken":1,"minecraft:spider":1,"minecraft:creeper":1}},"DataVersion":3465}