{"stats":{"minecraft:mined":{"minecraft:grass":1,"minecraft:oak_log":11,"minecraft:oak_leaves":2},"minecraft:custom":{"minecraft:jump":124,"minecraft:time_since_rest":3927,"minecraft:crouch_one_cm":525,"minecraft:sprint_one_cm":13543,"minecraft:leave_game":1,"minecraft:play_time":3927,"minecraft:damage_taken":110,"minecraft:time_since_death":3927,"minecraft:walk_one_cm":2080,"minecraft:sneak_time":476,"minecraft:total_world_time":3927,"minecraft:fall_one_cm":2370,"minecraft:fly_one_cm":45762},"minecraft:used":{"minecraft:oak_log":1},"minecraft:picked_up":{"minecraft:oak_log":11}},"DataVersion":3465}