{"stats":{"minecraft:mined":{"minecraft:spruce_log":9,"minecraft:crafting_table":1,"minecraft:grass":3,"minecraft:oak_log":25,"minecraft:spruce_leaves":1,"minecraft:oak_leaves":41},"minecraft:crafted":{"minecraft:oak_planks":68,"minecraft:crafting_table":2,"minecraft:spruce_planks":36,"minecraft:stick":36,"minecraft:wooden_pickaxe":1,"minecraft:wooden_axe":1},"minecraft:custom":{"minecraft:time_since_rest":11,"minecraft:sprint_one_cm":37091,"minecraft:damage_taken":905,"minecraft:walk_one_cm":39101,"minecraft:mob_kills":6,"minecraft:damage_dealt":1366,"minecraft:interact_with_crafting_table":1,"minecraft:fly_one_cm":101562,"minecraft:crouch_one_cm":6983,"minecraft:play_time":15927,"minecraft:deaths":3,"minecraft:sneak_time":2803,"minecraft:jump":389,"minecraft:leave_game":1,"minecraft:time_since_death":0,"minecraft:total_world_time":15927,"minecraft:fall_one_cm":15539},"minecraft:killed_by":{"minecraft:skeleton":1,"minecraft:creeper":1},"minecraft:used":{"minecraft:oak_log":1,"minecraft:wooden_axe":38,"minecraft:oak_planks":34,"minecraft:dirt":24,"wom:antitheus":19,"minecraft:crafting_table":2},"minecraft:picked_up":{"minecraft:wooden_axe":1,"minecraft:stick":24,"minecraft:crafting_table":2,"minecraft:feather":1,"minecraft:chicken":1,"minecraft:wooden_pickaxe":1,"minecraft:dandelion":1,"minecraft:oak_log":24,"minecraft:spruce_log":9,"minecraft:dirt":24,"wom:antitheus":1,"minecraft:bone":2,"minecraft:rotten_flesh":4,"minecraft:apple":2,"minecraft:wheat_seeds":1,"minecraft:oak_sapling":3,"minecraft:mutton":5,"minecraft:oak_planks":44,"minecraft:snowball":32,"minecraft:white_wool":3},"minecraft:killed":{"minecraft:skeleton":3,"minecraft:sheep":1,"minecraft:zombie":1,"minecraft:chicken":1}},"DataVersion":3465}