{
  "minecraft:recipes/decorations/crafting_table": {
    "criteria": {
      "unlock_right_away": "2024-11-24 02:02:02 +0000"
    },
    "done": true
  },
  "dungeons_arise:wda_root": {
    "criteria": {
      "WDA": "2024-11-24 02:02:02 +0000"
    },
    "done": true
  },
  "minecraft:adventure/adventuring_time": {
    "criteria": {
      "minecraft:birch_forest": "2024-11-24 02:10:53 +0000",
      "minecraft:meadow": "2024-11-24 02:02:03 +0000"
    },
    "done": false
  },
  "regions_unexplored:parent": {
    "criteria": {
      "load_in_world": "2024-11-24 02:02:03 +0000"
    },
    "done": true
  },
  "create:root": {
    "criteria": {
      "0": "2024-11-24 02:12:23 +0000"
    },
    "done": true
  },
  "vs_eureka:recipes/balloon_color": {
    "criteria": {
      "has_red_balloon": "2024-11-24 02:12:23 +0000",
      "has_black_balloon": "2024-11-24 02:12:23 +0000",
      "has_lime_balloon": "2024-11-24 02:12:23 +0000",
      "has_cyan_balloon": "2024-11-24 02:12:23 +0000",
      "has_light_blue_balloon": "2024-11-24 02:12:23 +0000",
      "has_gray_balloon": "2024-11-24 02:12:23 +0000",
      "has_pink_balloon": "2024-11-24 02:12:23 +0000",
      "has_light_gray_balloon": "2024-11-24 02:12:23 +0000",
      "has_white_balloon": "2024-11-24 02:12:23 +0000",
      "has_blue_balloon": "2024-11-24 02:12:23 +0000",
      "has_yellow_balloon": "2024-11-24 02:12:23 +0000",
      "has_purple_balloon": "2024-11-24 02:12:23 +0000",
      "has_orange_balloon": "2024-11-24 02:12:23 +0000",
      "has_brown_balloon": "2024-11-24 02:12:23 +0000",
      "has_green_balloon": "2024-11-24 02:12:23 +0000",
      "has_magenta_balloon": "2024-11-24 02:12:23 +0000"
    },
    "done": true
  },
  "minecraft:recipes/misc/charcoal": {
    "criteria": {
      "has_log": "2024-11-24 02:12:23 +0000"
    },
    "done": true
  },
  "regions_unexplored:recipes/decorations/oak_branch_from_oak_log": {
    "criteria": {
      "has_log": "2024-11-24 02:12:23 +0000"
    },
    "done": true
  },
  "vs_eureka:recipes/balloon_leather": {
    "criteria": {
      "has_leather": "2024-11-24 02:12:23 +0000"
    },
    "done": true
  },
  "minecraft:recipes/building_blocks/oak_planks": {
    "criteria": {
      "has_logs": "2024-11-24 02:12:23 +0000"
    },
    "done": true
  },
  "vs_eureka:recipes/ship_helm": {
    "criteria": {
      "has_gold": "2024-11-24 02:12:23 +0000"
    },
    "done": true
  },
  "vs_eureka:recipes/balloon_paper": {
    "criteria": {
      "has_paper": "2024-11-24 02:12:23 +0000"
    },
    "done": true
  },
  "minecraft:recipes/building_blocks/oak_wood": {
    "criteria": {
      "has_log": "2024-11-24 02:12:23 +0000"
    },
    "done": true
  },
  "vs_eureka:recipes/balloon_membrane": {
    "criteria": {
      "has_membrane": "2024-11-24 02:12:23 +0000"
    },
    "done": true
  },
  "DataVersion": 3465
}